{
  "backend": "cpu",
  "samples": 33,
  "intents": 10,
  "vocab": 63,
  "epochs": 25,
  "params": 2378,
  "histories": {
    "acc": [
      0.08695652335882187,
      0.3478260934352875,
      0.6086956858634949,
      0.6521739363670349,
      0.6521739363670349,
      0.8260869979858398,
      0.9130434989929199,
      0.95652174949646,
      1,
      0.95652174949646,
      0.95652174949646,
      0.9130434989929199,
      1,
      0.95652174949646,
      1,
      1,
      1,
      1,
      1,
      0.95652174949646,
      1,
      1,
      1,
      1,
      1
    ],
    "valAcc": [
      0.20000000298023224,
      0.30000001192092896,
      0.30000001192092896,
      0.4000000059604645,
      0.4000000059604645,
      0.4000000059604645,
      0.4000000059604645,
      0.4000000059604645,
      0.4000000059604645,
      0.4000000059604645,
      0.4000000059604645,
      0.4000000059604645,
      0.5,
      0.5,
      0.6000000238418579,
      0.6000000238418579,
      0.6000000238418579,
      0.6000000238418579,
      0.6000000238418579,
      0.6000000238418579,
      0.6000000238418579,
      0.6000000238418579,
      0.6000000238418579,
      0.6000000238418579,
      0.6000000238418579
    ],
    "loss": [
      2.3074607849121094,
      2.209465980529785,
      2.123613119125366,
      2.0260541439056396,
      1.9482505321502686,
      1.7893773317337036,
      1.6615232229232788,
      1.5323864221572876,
      1.3629833459854126,
      1.2497227191925049,
      1.1044996976852417,
      1.0149028301239014,
      0.8010357618331909,
      0.6484591364860535,
      0.5655204057693481,
      0.5526586174964905,
      0.35533222556114197,
      0.40882253646850586,
      0.24242772161960602,
      0.20759963989257812,
      0.17635378241539001,
      0.1611577570438385,
      0.12779654562473297,
      0.08214122802019119,
      0.19344459474086761
    ],
    "valLoss": [
      2.273040294647217,
      2.262540817260742,
      2.2509450912475586,
      2.2352867126464844,
      2.215085983276367,
      2.194498062133789,
      2.171203851699829,
      2.1456139087677,
      2.121846914291382,
      2.0943281650543213,
      2.063429832458496,
      2.031404972076416,
      2.0012571811676025,
      1.9693338871002197,
      1.934343934059143,
      1.8973697423934937,
      1.8627979755401611,
      1.8301559686660767,
      1.8077423572540283,
      1.7890102863311768,
      1.7774969339370728,
      1.7714014053344727,
      1.7657959461212158,
      1.7634484767913818,
      1.7607948780059814
    ]
  },
  "final": {
    "trainAcc": 1,
    "valAcc": 0.6000000238418579,
    "trainLoss": 0.06174788251519203,
    "valLoss": 1.7607948780059814,
    "macro": {
      "precision": 0.525,
      "recall": 0.6,
      "f1": 0.54
    },
    "perIntent": [
      {
        "intent": "sport_type_for_match",
        "support": 1,
        "precision": 1,
        "recall": 1,
        "f1": 1
      },
      {
        "intent": "stadium_location",
        "support": 1,
        "precision": 1,
        "recall": 1,
        "f1": 1
      },
      {
        "intent": "today_fixtures",
        "support": 1,
        "precision": 1,
        "recall": 1,
        "f1": 1
      },
      {
        "intent": "top_scorer_team",
        "support": 1,
        "precision": 1,
        "recall": 1,
        "f1": 1
      },
      {
        "intent": "tournament_info",
        "support": 1,
        "precision": 1,
        "recall": 1,
        "f1": 1
      },
      {
        "intent": "latest_score",
        "support": 1,
        "precision": 0.25,
        "recall": 1,
        "f1": 0.4
      },
      {
        "intent": "goal_scorers",
        "support": 1,
        "precision": 0,
        "recall": 0,
        "f1": 0
      },
      {
        "intent": "help",
        "support": 1,
        "precision": 0,
        "recall": 0,
        "f1": 0
      },
      {
        "intent": "last_match_for_team",
        "support": 1,
        "precision": 0,
        "recall": 0,
        "f1": 0
      },
      {
        "intent": "upcoming_for_team",
        "support": 1,
        "precision": 0,
        "recall": 0,
        "f1": 0
      }
    ],
    "confusion": [
      [
        0,
        0,
        0,
        1,
        0,
        0,
        0,
        0,
        0,
        0
      ],
      [
        0,
        0,
        0,
        1,
        0,
        0,
        0,
        0,
        0,
        0
      ],
      [
        0,
        0,
        0,
        1,
        0,
        0,
        0,
        0,
        0,
        0
      ],
      [
        0,
        0,
        0,
        1,
        0,
        0,
        0,
        0,
        0,
        0
      ],
      [
        0,
        0,
        0,
        0,
        1,
        0,
        0,
        0,
        0,
        0
      ],
      [
        0,
        0,
        0,
        0,
        0,
        1,
        0,
        0,
        0,
        0
      ],
      [
        0,
        0,
        0,
        0,
        0,
        0,
        1,
        0,
        0,
        0
      ],
      [
        0,
        0,
        0,
        0,
        0,
        0,
        0,
        1,
        0,
        0
      ],
      [
        0,
        0,
        0,
        0,
        0,
        0,
        0,
        0,
        1,
        0
      ],
      [
        1,
        0,
        0,
        0,
        0,
        0,
        0,
        0,
        0,
        0
      ]
    ],
    "labels": [
      "goal_scorers",
      "help",
      "last_match_for_team",
      "latest_score",
      "sport_type_for_match",
      "stadium_location",
      "today_fixtures",
      "top_scorer_team",
      "tournament_info",
      "upcoming_for_team"
    ]
  }
}